Judge,judge,Price,price,South,south,Space,space,Stone,stone,judge,price,south,space,stone,about,Acoma,acoma,after,again,Agama,agama,Ajaja,ajaja,Alala,alala,Alban,alban,Algic,algic,Allan,allan,Almon,almon,among,angle,angry,apple,Arara,arara,Archy,archy,Ariel,ariel,Arras,arras,Ascot,ascot,Ashur,ashur,Atlas,atlas,Attic,attic,awake,Balao,balao,Banda,banda,Barry,barry,Basil,basil,basin,Batta,batta,Beata,beata,Benjy,benjy,Benny,benny,berry,Betty,betty,Biddy,biddy,Billy,billy,Biota,biota,birth,black,blade,Blair,blair,Blake,blake,blood,board,Bobby,bobby,Bongo,bongo,Bonny,bonny,Borak,borak,Boxer,boxer,brain,brake,brass,bread,Brent,brent,Brett,brett,brick,Bride,bride,brown,brush,Bucky,bucky,burst,Cadet,cadet,Cajun,cajun,Canna,canna,Carol,carol,Carry,carry,Catty,catty,cause,chain,chalk,Chang,chang,cheap,chest,Chico,chico,chief,Chien,chien,Chink,chink,Chola,chola,Chuck,chuck,Clark,clark,clean,clear,Cliff,cliff,clock,cloth,cloud,Colin,colin,cough,cover,crack,Creek,creek,crime,cruel,crush,Cuddy,cuddy,curve,Cyrus,cyrus,Daira,daira,death,Debby,debby,Delta,delta,Demon,demon,Derby,derby,dirty,Dixie,dixie,Donna,donna,Dotty,dotty,doubt,drain,dress,drink,Druse,druse,Dutch,dutch,early,earth,Emery,emery,equal,error,Eruca,eruca,Ethel,ethel,event,every,false,Fiber,fiber,field,fight,first,fixed,flame,floor,Flora,flora,Foist,foist,force,frame,Frank,frank,front,fruit,Gaddi,gaddi,Galla,galla,Ganga,ganga,Gault,gault,Gemma,gemma,Gilia,gilia,Ginny,ginny,glass,glove,Goldy,goldy,Grace,grace,grain,Grant,grant,grass,great,green,Griff,griff,group,Guana,guana,guide,Gypsy,gypsy,Hamal,hamal,Hanse,hanse,happy,Harry,harry,Hatty,hatty,Hazel,hazel,heart,Henry,henry,Holly,holly,Homer,homer,horse,Horst,horst,house,Huron,huron,Husky,husky,Iliac,iliac,Indic,indic,Ionic,ionic,Irene,irene,Japan,japan,jelly,Jemmy,jemmy,Jenny,jenny,Jerry,jerry,jewel,Jimmy,jimmy,Jinny,jinny,Kafir,kafir,Karst,karst,Katha,katha,Kelly,kelly,Kerry,kerry,Khoja,khoja,Kinch,kinch,Kitty,kitty,knife,Kodak,kodak,Koine,koine,Krama,krama,Kulah,kulah,Kusum,kusum,Lamba,lamba,Lance,lance,Larry,larry,laugh,Laura,laura,level,Lewis,lewis,Liber,liber,Libra,libra,light,limit,linen,Lisle,lisle,loose,Major,major,Manny,manny,Manto,manto,March,march,Marco,marco,Maria,maria,Marsh,marsh,Mason,mason,match,Matti,matti,Media,media,Medic,medic,metal,Milla,milla,Mitra,mitra,mixed,Mocha,mocha,Molly,molly,Monel,monel,money,month,Morse,morse,mouth,music,Myron,myron,Nancy,nancy,Nandi,nandi,Nanny,nanny,Natal,natal,Negro,negro,Negus,negus,nerve,Netty,netty,night,Ninon,ninon,Nizam,nizam,noise,Norma,norma,north,offer,Oliva,oliva,Olive,olive,Orang,orang,order,other,owner,Pablo,pablo,Paddy,paddy,paint,Palus,palus,paper,Parma,parma,Passe,passe,paste,Patty,patty,peace,Pedro,pedro,Peggy,peggy,Pekin,pekin,Penny,penny,Perry,perry,Peter,peter,Pilar,pilar,Pilot,pilot,Pinna,pinna,Piper,piper,place,plane,plant,plate,point,power,print,prose,Pygmy,pygmy,Pyrex,pyrex,Pyxis,pyxis,quick,quiet,quite,Rajah,rajah,Ralph,ralph,Randy,randy,range,ready,Rheum,rheum,right,river,Robin,robin,Roger,roger,Rogue,rogue,Rotal,rotal,rough,round,Rufus,rufus,Rusty,rusty,Sabra,sabra,Salar,salar,Salic,salic,Salix,salix,Sally,sally,Salol,salol,Salpa,salpa,Sambo,sambo,Sammy,sammy,Sandy,sandy,Satan,satan,scale,screw,Sedan,sedan,Sedum,sedum,Senna,senna,sense,Serge,serge,shade,shake,shame,Shape,shape,sharp,sheep,shelf,shirt,shock,short,Shree,shree,Sigma,sigma,skirt,Slave,slave,sleep,slope,small,smash,smell,smile,smoke,snake,Solea,solea,Solen,solen,solid,Solio,solio,Solon,solon,Somal,somal,Sonny,sonny,Sophy,sophy,sound,spade,Spica,spica,Spike,spike,spoon,stage,stamp,start,State,state,steam,steel,Steen,steen,Stein,stein,Stern,stern,stick,stiff,still,Stoic,stoic,store,story,Strad,strad,Strix,strix,sugar,sweet,Swiss,swiss,Syrma,syrma,Tabby,tabby,table,Taffy,taffy,Tammy,tammy,taste,Tejon,tejon,Tekke,tekke,Teman,teman,Terry,terry,there,thick,thing,Think,think,Those,those,thumb,tight,Timon,timon,tired,Tokay,tokay,Tommy,tommy,Tonga,tonga,tooth,touch,trade,train,trick,Turbo,turbo,Turco,turco,twist,Umbra,umbra,under,Uniat,uniat,Urban,urban,Uredo,uredo,Usnea,usnea,value,verse,voice,Waler,waler,waste,watch,water,Welsh,welsh,wheel,where,while,white,Willy,willy,woman,Woody,woody,wound,wrong,Yagua,yagua,Yahoo,yahoo,young,Yucca,yucca,about,after,again,among,angle,angry,apple,awake,basin,berry,birth,black,blade,blood,board,brain,brake,brass,bread,brick,brown,brush,burst,cause,chain,chalk,cheap,chest,chief,clean,clear,clock,cloth,cloud,cough,cover,crack,crime,cruel,crush,curve,death,dirty,doubt,drain,dress,drink,early,earth,equal,error,event,every,false,field,fight,first,fixed,flame,floor,force,frame,front,fruit,glass,glove,grain,grass,great,green,group,guide,happy,heart,horse,house,jelly,jewel,knife,laugh,level,light,limit,linen,loose,match,metal,mixed,money,month,mouth,music,nerve,night,noise,north,offer,order,other,owner,paint,paper,paste,peace,place,plane,plant,plate,point,power,print,prose,quick,quiet,quite,range,ready,right,river,rough,round,scale,screw,sense,shade,shake,shame,sharp,sheep,shelf,shirt,shock,short,skirt,sleep,slope,small,smash,smell,smile,smoke,snake,solid,sound,spade,spoon,stage,stamp,start,steam,steel,stick,stiff,still,store,story,sugar,sweet,table,taste,there,thick,thing,thumb,tight,tired,tooth,touch,trade,train,trick,twist,under,value,verse,voice,waste,watch,water,wheel,where,while,white,woman,wound,wrong,young,aalii,Aaron,abaca,aback,abaff,abaft,Abama,abase,abash,abask,abate,abave,abaze,abbas,abbey,Abbie,abbot,abdal,abdat,abeam,abear,abele,abhor,abide,abidi,Abies,abilo,abkar,abler,ablow,abmho,Abner,abnet,abode,abody,abohm,aboil,aboma,aboon,abord,abort,above,Abram,abret,abrim,abrin,Abrus,absit,abuna,abura,abuse,Abuta,abuzz,abwab,abysm,abyss,acana,acapu,acara,acari,acate,accoy,acedy,acerb,achar,Achen,acher,achor,acier,acker,ackey,aclys,acmic,acock,acoin,acold,acone,acorn,Acrab,acred,acrid,Acroa,acron,Acrux,acryl,actin,acton,actor,Acuan,acute,adage,Adapa,adapt,adati,adawe,adawn,adays,addax,added,adder,Addie,addle,adead,adeem,adeep,Adela,adept,adfix,Adiel,adieu,adion,adjag,Adlai,adlay,adlet,adman,admit,admix,adnex,adobe,adopt,adore,adorn,adown,Adoxa,adoxy,adoze,adpao,adrip,adrop,adrue,adult,adunc,adusk,adust,adyta,adzer,Aedes,aegis,Aegle,Aequi,aeric,aerie,aevia,aface,afara,afear,affix,Afifi,afire,aflat,aflow,afoam,afoot,afore,afoul,afret,Afric,Agade,agami,agamy,agape,agasp,agate,agaty,Agave,agaze,Agena,agent,agger,Aggie,aggry,aggur,Aghan,Agiel,agile,aging,agist,aglet,agley,aglow,agnel,Agnes,agnus,agoge,agoho,agone,agony,agora,agrah,agral,agree,agria,agrin,agrom,agsam,aguey,agush,agust,ahead,aheap,ahind,ahint,Ahmed,Ahmet,ahong,ahsan,ahull,ahunt,ahura,ahush,ahwal,aider,Aides,Ailie,aillt,Aimak,Aimee,aimer,ainoi,airan,airer,aisle,aitch,aiwan,aizle,ajari,ajava,ajhar,Ajuga,akala,Akali,akasa,akebi,akeki,Akkad,aknee,akpek,akule,akund,alack,alada,Alain,Alaki,alamo,aland,alani,Alans,alarm,alary,alate,Alawi,albee,Albin,album,albus,Albyn,Alcae,Alces,Alcor,alder,aldim,aldol,Aldus,aleak,Aleck,aleft,aleph,alert,Aleut,alfet,Alfur,algae,algal,algid,algin,Algol,algor,algum,alias,alibi,Alice,Alick,Alida,Alids,alien,align,alike,alima,Aline,alish,aliso,alisp,alist,alite,alive,Alkes,alkyd,alkyl,Allah,allay,Allen,aller,alley,Allie,allot,allow,alloy,allyl,Alman,almud,almug,Alnus,alody,aloed,aloft,alogy,aloid,aloin,Alois,aloma,alone,along,aloof,Alosa,alose,aloud,alowe,Alpax,Alpen,alpha,Alpid,altar,alter,altho,altin,altun,Aluco,alula,alure,aluta,Alvah,Alvan,alvar,Alvin,alvus,alway,amaas,Amadi,amaga,amain,amala,amang,amani,amapa,Amara,amass,Amati,amaze,amban,ambar,ambay,amber,ambit,amble,ambon,ambos,ambry,ameed,ameen,amelu,amend,amene,ament,amhar,amice,amide,amido,Amigo,amine,amini,amino,Amish,amiss,Amita,amity,amman,ammer,amnia,amnic,amoke,amole,amort,amour,amove,amper,ample,amply,ampul,ampyx,amsel,amuck,amula,amuse,amuze,amvis,amylo,anabo,anama,anana,Anasa,Ancha,ancon,Andre,anear,anele,anend,anent,angel,anger,Angie,Angka,angor,angst,Angus,Aniba,Anice,anigh,anile,anima,anime,animi,anion,anise,Anita,anjan,Anjou,ankee,anker,ankle,Ankou,ankus,annal,Annam,annat,annet,annex,Annie,annoy,annul,anode,anoil,anole,anoli,anomy,Anous,ansar,Ansel,Anser,antal,Antar,antes,antic,Anton,antra,antre,Antum,Anura,anury,anvil,Anzac,Aoife,aorta,Aotea,Aotes,Aotus,apace,apaid,Apama,apart,apeak,apert,Aperu,apery,aphid,Aphis,Aphra,apian,apiin,Apina,aping,Apios,apish,apism,Apium,apnea,Apoda,apoop,aport,apout,appay,appet,apply,April,apron,apsis,Aptal,aptly,araba,Araby,araca,arado,arain,arake,Aramu,arati,Araua,Arawa,arbor,arche,Arcos,Ardea,ardeb,ardor,ardri,aread,areal,Arean,arear,Areca,areek,areel,arena,arend,areng,arent,arete,argal,Argas,argel,Argid,argil,argol,argon,argot,argue,Argus,arhar,arhat,Arian,Aries,Arioi,Arion,ariot,arise,arist,arite,Arius,arjun,Arkab,arles,armed,armer,armet,armil,armor,Arneb,arnee,arnut,aroar,arock,aroid,aroma,aroon,arose,arpen,arrah,arrau,array,arrie,arris,arrow,arses,arsis,arsle,arson,arsyl,artal,artar,artel,artha,Artie,Aruac,aruke,Arulo,arupa,arusa,arval,arvel,Aryan,arzan,arzun,asale,asana,Asaph,Asarh,ascan,ascii,ascon,ascry,ascus,asdic,ashen,Asher,ashes,ashet,Ashir,Asian,aside,askar,asker,askew,askip,askos,aslop,asoak,asoka,aspen,asper,aspic,assai,Assam,assay,asset,assis,astay,aster,astir,astor,Astur,Asuri,asway,aswim,asyla,atavi,ataxy,Ateba,atelo,athar,atilt,atlee,atman,atmid,atmos,Atnah,atoke,atoll,atomy,atone,atony,atopy,atour,atria,atrip,attar,atter,attid,atule,atune,atwin,atypy,Aucan,audio,audit,Aueto,augen,auger,aught,augur,aulae,aulic,auloi,aulos,aumil,aurae,aural,aurar,auric,aurin,aurir,aurum,auryl,autem,auxin,avahi,avail,Avars,avast,Avena,avens,avera,avert,Avery,avian,avick,avine,aviso,avoid,awabi,awaft,await,awald,awalt,awane,award,aware,awash,awave,awber,aweek,aweel,awest,aweto,awful,awhet,awhir,awide,awing,awink,awiwi,awned,awner,awoke,awork,axial,axile,axine,axiom,axion,axite,axled,axman,axoid,ayelp,aylet,ayllu,ayond,ayont,ayous,azide,azine,azoch,azofy,azoic,azole,azote,azoth,azoxy,Aztec,azure,azury,azyme,babai,babby,Babel,baboo,Babua,babul,bacao,bacca,bache,Bacis,bacon,badan,badge,badly,Badon,baffy,bafta,Bagdi,bagel,baggy,bagre,Bahai,Baham,bahan,bahar,bahay,bahoe,bahoo,bahur,bahut,baioc,bairn,baith,baize,bajan,Bajau,bajra,bajri,bakal,baked,baken,baker,bakie,bakli,balai,Balak,Balan,balas,baldy,balei,baler,balky,balli,bally,balmy,baloo,Balor,balow,balsa,Balti,balut,balza,banak,banal,banat,Banba,banca,banco,bande,bandi,bando,bandy,Banff,banga,bange,banig,banjo,banky,banns,Bantu,banty,banya,barad,barbe,bardo,bardy,barer,barff,barge,bargh,baria,baric,barid,barie,baris,barit,barky,barmy,barny,baroi,baron,barra,barse,barth,barye,basal,based,bases,basic,basis,bason,basos,Bassa,basso,basta,baste,basto,batad,Batak,Batan,batch,batea,bated,batel,bater,bathe,batik,Batis,baton,batty,Batwa,Baubo,bauch,Baume,bauno,Baure,bauta,bavin,Bawra,bayal,bayed,bayok,bayou,bazoo,beach,beady,beaky,beala,beamy,beano,beant,beany,beard,bearm,beast,beath,beaux,bebar,bebat,bebay,bebed,bebog,bebop,becap,Becky,becry,becut,bedad,beday,bedel,beden,bedew,bedim,bedin,bedip,bedog,bedot,bedub,bedur,bedye,beech,beefy,beery,beest,beeth,beety,beeve,befan,befit,befog,befop,begad,begar,begat,begay,begem,beget,begin,begob,begum,begun,begut,behap,behen,beice,beige,being,beira,beisa,bejan,bejel,bejig,bekah,bekko,belah,belam,belar,belay,belch,belee,belga,belie,Belis,Bella,belle,belly,below,belve,bemad,beman,bemar,bemat,Bemba,bemix,bemud,benab,bench,benda,bendy,benet,Benin,benne,bensh,benty,benzo,beode,bepat,bepaw,bepen,bepun,berat,beray,beret,bergy,berne,Beroe,berri,berth,beryl,Beryx,besan,besee,beset,besin,besit,besom,besot,bespy,besra,Bessi,Bessy,betag,betel,betis,betso,Betsy,Betta,bevel,bever,bevue,bewet,bewig,bezel,bezzi,bezzo,Bhaga,bhalu,bhang,bhara,bhava,Bhili,Bhima,biabo,Bibio,Bible,bichy,bidar,bider,bidet,bidri,bield,bifer,bifid,bigha,bight,bigot,Bihai,Biham,bijou,Bikol,bilbo,bilby,bilch,bilge,bilgy,bilic,Bilin,bilio,billa,bilsh,binal,binge,bingo,bingy,binna,biome,biose,biped,bipod,birch,birdy,birle,birma,birny,Biron,birse,birsy,bison,bisti,bitch,biter,Bitis,bitty,biune,bixin,Bizen,bizet,blady,blaff,blain,blame,blanc,bland,blank,blare,blart,blase,blash,blast,blate,blaze,blazy,bleak,blear,bleat,bleck,bleed,blend,blent,bless,blest,blibe,blick,blimp,blimy,blind,blink,bliss,blite,blitz,blizz,bloat,block,bloke,bloom,bloop,blore,blout,blown,blowy,bluer,blues,bluet,bluey,bluff,blunk,blunt,blurb,blurt,blush,blype,boast,bobac,bocal,bocca,bocce,Boche,bocoy,boden,boder,bodge,bodhi,bodle,bogan,bogey,boggy,bogie,bogle,bogue,bogum,bogus,bohea,bohor,Boiko,boily,boist,bokom,Bolag,bolar,boldo,Boldu,boled,bolis,bolly,bolti,bolus,bombo,Bonbo,bonce,boned,boner,Boney,bonus,bonze,booby,boody,booky,booly,boomy,Boone,boonk,boort,boose,boost,boosy,booth,boots,booty,booze,boozy,boral,Boran,borax,boree,borer,borgh,boric,Boris,borne,boron,borty,bortz,boryl,bosch,boser,bosky,bosom,bossy,bosun,botch,bothy,bouge,bough,boule,bound,bourd,bourg,bourn,bouse,bousy,bouto,bovid,bowed,bowel,bower,bowet,bowie,bowla,bowls,bowly,boxen,boxty,boyar,Boyce,boyer,boyla,bozal,bozze,braca,brace,brach,brack,bract,Bragi,Brahm,braid,brail,braky,brand,brank,brant,brash,Brava,brave,bravo,brawl,brawn,braws,braxy,braza,braze,break,bream,breba,breck,brede,bredi,breed,breek,breme,breth,breva,breve,Brian,briar,bribe,brief,brier,brill,brine,bring,brink,briny,brisk,briss,brith,Briza,brizz,broad,broch,brock,broil,broke,broll,broma,brome,bronc,bronk,Bronx,brood,brook,brool,broom,broon,brose,brosy,broth,Bruce,brugh,bruin,bruit,bruke,Brule,brume,Bruno,brunt,Bruta,brute,bruzz,Bryan,Bryce,Bryum,buaze,bubal,bubby,bucca,Bucco,buchu,bucko,Buddh,buddy,budge,buffy,bugan,buggy,bugle,bugre,build,built,buist,Bukat,bulak,bulby,bulge,bulgy,bulky,bulla,bully,bulse,bumbo,bumpy,bunce,bunch,Bunda,Bundu,bundy,Bunga,bungo,bungy,bunko,bunny,bunty,bunya,buran,burao,burel,buret,burgh,burin,burka,burke,burly,burnt,burny,burro,burry,bursa,burse,Burut,busby,bushi,bushy,busky,bussu,butch,Butea,Buteo,butic,Butsu,butte,butty,butyl,Butyn,butyr,buxom,Buxus,buyer,buzzy,bylaw,Bynin,byous,Byron,bysen,byway,caama,cabal,caban,cabas,cabby,cabda,caber,cabin,cabio,cable,cabob,cabot,cacam,Cacan,cacao,cache,cacti,cacur,Caddo,caddy,cader,cadew,cadge,cadgy,cados,cadre,cadua,cadus,caeca,caffa,cafiz,caged,cager,cagey,caggy,cagit,cahiz,cahot,cahow,caird,cairn,Cairo,Caite,Cajan,caker,cakey,Calas,Caleb,calid,calix,Calla,calli,callo,calmy,calor,calve,calyx,caman,camel,cameo,Campa,Campe,campo,camus,canal,canch,candy,canel,caner,canid,Canis,canny,canoe,canon,canso,canto,canty,canun,caoba,capax,caped,capel,caper,capes,capon,capot,cappy,Capra,Capri,capsa,carat,carbo,cardo,carer,caret,Carex,carga,cargo,Carib,carid,Carlo,carls,caroa,carob,carom,carse,carte,carty,carua,Carum,carve,Carya,caryl,casal,casco,cased,Casel,caser,Casey,casha,casse,caste,catan,catch,cater,Catha,Cathy,Catti,cauch,cauda,cauld,cauma,caupo,cavae,caval,cavel,Cavia,cavie,cavil,cavus,cawky,caxon,Ccoya,cease,cebid,cebil,cebur,Cebus,Cecil,cedar,ceder,cedre,cedry,Ceiba,ceibo,ceile,Celia,cella,cello,cense,cento,ceorl,cequi,ceral,ceras,cerci,cered,cerer,ceria,ceric,cerin,certy,ceryl,cetic,Cetid,cetin,Cetus,cetyl,chack,Chaco,chafe,chaff,chaft,Chaga,chair,chais,Chait,chaja,chaka,Chama,champ,Chane,chank,chant,chaos,chape,chaps,chapt,Chara,chard,chare,chark,charm,charr,chart,chary,chase,chasm,chati,Chaui,chauk,chaus,chawk,chawl,chaya,Chazy,cheat,check,cheek,cheep,cheer,cheet,cheir,Cheka,cheke,cheki,chela,chelp,chena,cheng,Chera,chert,chess,cheth,cheve,chevy,chewy,Chiam,Chian,chick,chide,child,chile,chili,chill,chime,Chimu,china,chine,ching,chino,chint,Chiot,chips,chirk,chirm,chiro,chirp,chirr,Chita,chive,Chloe,chlor,choca,chock,Choco,choel,Choes,choga,choil,choir,choke,choky,chold,choli,Cholo,chomp,choop,chopa,Chora,chord,chore,chort,chose,chott,choup,chous,chowk,choya,chria,Chris,Chude,chufa,chuff,Chuje,chump,chunk,churl,churm,churn,churr,chute,chyak,chyle,chyme,cibol,cicad,cicer,cider,cigar,cigua,cilia,cimex,cinch,cinct,Cindy,cinel,circa,Circe,cirri,cisco,cista,citee,citer,citua,civet,civic,civil,civvy,clack,claim,clamb,clame,clamp,clang,clank,clapt,Clara,Clare,claro,clart,clary,clash,clasp,class,claut,clava,clave,clavy,clawk,clead,cleam,cleat,cleck,cleek,cleft,clerk,cleve,click,clift,clima,climb,clime,cline,cling,clink,clint,clips,clipt,clite,clive,cloak,cloam,cloff,cloit,clomb,clone,cloof,cloop,cloot,close,closh,clote,clour,clout,clove,clown,cluck,cluff,clump,clung,clunk,Clyde,clyer,clype,cnida,coach,coact,coaid,coaly,coapt,coarb,coast,coati,coaxy,cobby,cobia,coble,cobra,Cobus,cocci,cocco,cocky,Cocle,cocoa,Cocos,coder,codex,codol,codon,cogon,cogue,Cohen,cohol,coign,coiny,coker,Colan,colic,Colla,colly,colon,color,colza,comal,Coman,comby,comer,comes,comet,comfy,comic,Comid,comma,Comox,compo,Comus,conal,conch,coned,coner,cones,conga,Congo,conic,conin,conky,Conor,Conoy,conte,conto,conus,cooba,cooee,cooer,cooja,cooky,cooly,coomb,coomy,coony,Coorg,coost,copal,copei,copen,coper,copis,coppy,copra,copse,copsy,copus,coque,corah,coral,coram,cordy,cored,Coree,corer,Corey,corge,corgi,Corin,corke,corky,cornu,corny,coroa,corol,corps,corse,corta,coryl,cosec,coset,cosse,costa,cotch,cothe,cothy,cotta,cotte,cotty,Cotys,couac,couch,coude,could,couma,count,coupe,courb,Cours,court,couth,coved,covet,covey,covid,covin,cowal,Cowan,cower,cowle,coxal,coyan,coyly,coyol,coypu,cozen,craft,Craig,crain,crake,cramp,crane,crank,crape,craps,crapy,crare,crash,crass,crate,crave,cravo,crawl,crawm,craze,crazy,creak,cream,creat,Credo,creed,creel,creem,creen,creep,crena,crepe,crept,crepy,cress,crest,creta,Crete,cribo,crick,cried,crier,criey,crile,crimp,crine,crink,crisp,criss,crith,croak,Croat,croci,crock,croft,crome,crone,cronk,crony,crood,crook,crool,croon,crore,crosa,cross,croup,crout,crowd,crowl,crown,croze,cruce,cruck,crude,cruet,crumb,crump,crunk,crunt,cruor,cruse,crust,cruth,crypt,ctene,Cuban,cubby,cubeb,cuber,cubic,cubit,cueca,Cueva,cuffy,Cujam,culet,Culex,culla,cully,culmy,culpa,cumal,Cumar,cumay,cumbu,cumic,cumin,cumol,cumyl,Cunan,Cunas,cunye,Cunza,cupay,cupel,Cupid,cuppy,curby,curch,curdy,curer,curie,curin,curio,curly,curry,Cursa,curse,curst,curua,curvy,cusec,cushy,cusie,cusso,cutch,cutie,cutin,cutis,cutty,cutup,cyath,cycad,Cycas,cycle,cylix,cymar,cymba,Cymry,cynic,cypre,Cyril,cyton,Czech,dabba,dabby,Dabih,Dacus,dadap,daddy,daffy,Dafla,dagga,daggy,Daijo,daily,dairi,dairy,daisy,daiva,daker,dakir,dalar,Dalea,daler,dalle,dally,daman,Damia,damie,damme,Damon,dampy,Danai,dance,danda,dandy,Danic,danio,danli,Danny,danta,darac,daraf,darat,darby,Darci,Daren,darer,Dares,Dargo,daric,Darii,Darin,darky,daroo,darst,darts,Daryl,dashy,dasnt,dassy,Dasya,datch,dater,datil,datum,daube,dauby,daunt,Dauri,daven,daver,David,davit,dawdy,dawny,dawut,dayal,dazed,deair,dealt,deary,deash,deave,debar,deben,debit,debus,debut,decad,decal,decan,decap,decay,decil,decke,decoy,decry,decus,decyl,Dedan,deedy,defat,defer,defog,degas,degum,deice,deify,deign,deink,Deino,deism,deist,deity,dekko,dekle,delay,delft,Delhi,Delia,Della,delve,demal,demit,demob,demos,denat,denda,Deneb,denim,Denis,dense,denty,deota,depas,depoh,depot,depth,derah,derat,deray,Derek,deric,derma,derry,desex,desma,dessa,desyl,detar,detax,deter,detin,detur,deuce,devil,Devon,devow,dewan,dewax,dewer,Dewey,dhabb,dhava,dheri,dhobi,dhole,dhoni,dhoon,dhoti,dhoul,dhyal,diact,diamb,Diana,Diane,diary,dicer,dicky,dicot,dicta,diddy,didie,didle,didna,didnt,didst,Didus,didym,Diego,diene,Dieri,Difda,dight,digit,Digor,diker,dildo,dilli,dilly,dimer,dimit,dimly,Dimna,dimps,Dinah,dinar,diner,dinge,dingo,dingy,dinic,Dinka,dinky,dinus,diode,Dione,Dioon,diose,diota,dioxy,Dipus,Dirca,dirge,disme,disna,dital,ditch,diter,ditto,ditty,divan,divel,diver,divot,divus,divvy,dixit,dizen,dizzy,djave,Djuka,dobby,dobla,dobra,doddy,dodge,dodgy,doest,dogal,doggo,doggy,dogie,dogly,dogma,Dogra,doigt,doily,doina,doing,dolia,dolly,dolor,Dolph,domal,domba,domer,domic,dompt,Donal,Donar,donax,donee,Donet,doney,donga,Donia,Donne,donor,donum,dooja,dooli,dooly,dooms,doper,dopey,dorab,dorad,doree,doria,Doric,Doris,dorje,dormy,dorts,dorty,doser,dosis,dotal,doted,doter,douar,douce,dough,douse,dover,dowdy,dowed,dowel,dower,dowie,downy,dowry,dowse,Doyle,dozed,dozen,dozer,Draba,Draco,draff,draft,drago,drail,drake,drama,dramm,drang,drank,drant,drape,drate,drawk,drawl,drawn,dread,dream,drear,dreep,dregs,dreng,drest,drias,dried,drier,drift,drill,drinn,drisk,drive,drogh,droit,droll,drome,drona,drone,drony,drool,droop,dropt,dross,droud,drouk,drove,drovy,drown,druid,drung,drunk,Drupa,drupe,drusy,druxy,dryad,dryas,dryly,dryth,Duala,duali,Duane,dubba,dubby,Dubhe,ducal,ducat,duces,duchy,dugal,duhat,dujan,dukhn,Dulat,duler,dulia,dully,dulse,dumba,dummy,dumpy,dunal,dunce,dunch,dungy,dunne,dunny,dunst,duole,duper,dupla,duple,duppy,dural,durax,Durio,Duroc,durra,durry,durst,duryl,dusio,dusky,dusty,Dusun,dutra,duvet,dwale,dwalm,dwang,dwarf,dwell,dwelt,dwine,Dwyka,Dyaus,dying,dyker,Dylan,eager,eagle,eagre,eared,Earle,easel,easer,eaten,eater,eaved,eaver,eaves,ebony,echea,Echis,ecize,eclat,ecoid,ecole,ectad,ectal,Edana,edder,Eddic,Eddie,edema,Edgar,edged,edger,edict,edify,Edith,Ediya,Edoni,educe,educt,Edwin,eeler,eerie,Effie,egest,egger,egret,Egypt,eider,eight,eigne,Eimak,eimer,eject,ekaha,eking,Ekron,elain,eland,Elaps,elate,elbow,elder,eldin,Elean,elect,elegy,elemi,Eleut,elfic,elfin,Elian,Elias,elide,Elihu,Eliot,elite,Eliza,Ellen,Elmer,Eloah,eloge,elope,elops,Elric,elsin,elude,elute,elvan,elver,elves,elvet,Elvis,Elymi,embar,embay,embed,ember,embog,embow,embox,embus,emcee,emeer,emend,Emesa,Emily,emmer,emmet,emote,Empeo,empty,enact,enage,enapt,enarm,enate,encup,ended,ender,endew,endow,endue,Eneas,enema,enemy,engem,enhat,eniac,enjoy,ennui,Enoch,enoil,enorm,enray,enrib,enrol,enrut,ensky,ensue,entad,ental,enter,entia,entry,enure,envoy,enzym,eosin,epact,ephah,ephod,ephor,epoch,epode,epopt,Eppie,Epsom,epulo,equid,equip,Equus,erade,erase,Erava,erbia,erect,erept,ergal,ergon,ergot,Erian,Erica,Erick,erika,erizo,Ernie,Ernst,erode,erose,Ersar,eruct,erupt,Ervum,Erwin,Eryon,esere,eshin,esker,essay,essed,Essex,Essie,ester,estoc,estop,estre,estus,ethal,Ethan,ether,ethic,ethid,ethos,ethyl,ettle,etude,eupad,Eurus,eusol,evade,evase,evens,evert,evict,evoke,ewder,ewery,exact,exalt,excel,exdie,exeat,exert,exile,exist,exite,exlex,exode,exody,expel,exter,extol,extra,exude,exult,eying,eyoty,eyrie,eyrir,fabes,fable,faced,facer,facet,facia,facks,facty,faddy,faded,faden,fader,fadge,faery,faffy,fager,fagot,Fagus,faham,fains,faint,fairm,fairy,faith,faker,fakir,Falco,fally,fanal,fanam,fancy,fangy,Fanny,fanon,Fanti,Fanwe,farad,farce,farcy,farde,fardh,fardo,farer,farmy,farse,Farsi,fatal,fated,fatil,fatly,fatty,faugh,fauld,fault,Fauna,fause,faust,fauve,favor,favus,fawny,Fayal,feast,featy,feaze,fecal,feces,Fedia,feedy,feere,feeze,feign,feint,feist,felid,Felis,Felix,felly,felon,felty,Felup,femic,femur,fence,fendy,fenks,fenny,feoff,Ferae,feral,feria,ferie,Ferio,ferly,ferme,ferny,ferri,ferry,Feste,fetal,fetch,fetid,fetor,fetus,feuar,feued,fever,fezzy,fiard,fibry,fiche,fichu,Ficus,Fidac,Fides,fidge,Fidia,fiend,fient,fiery,fifer,fifie,fifth,fifty,figgy,fikie,filao,filar,filch,filer,filet,Filix,filly,filmy,filth,final,finch,finer,Fingu,finis,finny,fiord,fique,firca,fired,firer,firry,firth,fishy,fisty,fitch,fitly,fitty,fiver,fives,fixer,fizzy,fjeld,flack,flaff,flail,flair,flake,flaky,flamb,flamy,flane,flank,flare,flary,flash,flask,flavo,flawn,flawy,flaxy,fleam,fleay,fleck,fleer,fleet,flesh,Fleta,flews,flick,flier,flimp,fling,flint,flipe,flirt,flisk,flite,float,flock,floey,flong,flood,flory,flosh,floss,flota,flour,flout,flown,Floyd,flued,fluer,fluey,fluff,fluid,fluke,fluky,flume,flump,flung,flunk,fluor,flurn,flurr,flush,flusk,flute,fluty,flyer,flype,foaly,foamy,focal,focus,fodda,foder,fodge,foehn,fogey,foggy,fogle,fogon,fogou,fogus,fohat,Foism,foldy,folia,folie,folio,folky,folly,fomes,fondu,fonly,foody,foots,footy,foppy,foray,forby,fordo,fordy,forel,forge,forgo,forky,forme,formy,Forst,forte,forth,forty,forum,fosie,fossa,fosse,fotch,fotui,found,fount,foute,fouth,fovea,foxer,foyer,frack,fraid,fraik,frail,franc,frase,frass,fraud,frawn,frayn,fraze,freak,fream,freck,freed,freer,freet,freir,freit,fremd,Freon,fresh,frett,Freya,Freyr,friar,fried,frier,Frija,frike,frill,frisk,frist,frith,fritt,Fritz,frize,frizz,frock,frond,froom,frore,frory,frosh,frost,froth,frowl,frown,frowy,froze,frump,frush,fryer,fubby,fubsy,fucus,fuder,fudge,fudgy,fuffy,fugal,fuggy,fugle,fugue,Fulah,fully,fulth,Fultz,Fulup,fulwa,fumer,fumet,fundi,funds,fungi,fungo,funis,Funje,funky,funny,fural,furan,furca,furil,furor,furry,Furud,furyl,furze,furzy,fused,fusee,fusht,fusil,fussy,fusty,Fusus,futwa,fuzzy,gabby,gable,gadge,gadid,Gadus,gaffe,gagee,gager,gagor,gaily,gaine,gains,gaize,galah,Galax,galea,galee,Galei,Galen,galet,galey,Galga,Galik,Galli,gally,galop,gamba,gamic,gamin,gamma,gammy,gamut,ganam,ganch,Ganda,ganef,gange,ganja,gansy,ganta,ganza,gaper,gapes,gappy,garad,garce,gardy,gareh,garle,garoo,garse,garth,garum,Gasan,gashy,gaspy,gassy,gatch,gated,gater,Gatha,gator,gauby,gaudy,gauge,gaumy,gaunt,Gaura,gauss,gauze,gauzy,gavel,Gavia,gawby,gawky,gayal,gazee,gazel,gazer,gazon,gease,gebur,gecko,geest,geira,Gekko,gelid,gelly,gemel,gemmy,gemot,gemul,genal,genep,genet,genic,genie,genii,genin,genip,Genny,Genoa,genom,genos,genre,genro,genty,genua,genus,genys,geode,Geoff,geoid,geoty,gerah,gerbe,gerim,gerip,germy,Gesan,gesso,geste,Getae,getah,Getic,getup,geyan,ghazi,Ghent,ghoom,ghost,ghoul,giant,Gibbi,gibby,gibel,giber,gibus,giddy,gigot,Giles,gilim,gilly,gilpy,gilse,gimel,gipon,Gippy,girba,girly,girny,girse,girsh,girth,gisla,given,giver,givey,glace,glack,glade,glady,glaga,glaik,glair,glaky,gland,glans,glare,glary,glaum,glaur,Glaux,glaze,glazy,gleam,glean,gleba,glebe,glede,gledy,gleed,gleek,gleet,Glenn,glent,glial,glide,gliff,glime,glink,glint,glisk,gloam,gloat,globe,globy,gloea,glome,gloom,glore,glory,gloss,glost,glout,gloze,gluck,glued,gluer,gluey,gluma,glume,glump,Glynn,glyph,gnarl,gnash,gnawn,gnome,Goala,goaty,goave,goban,gobbe,gobby,Gobia,Gobio,godet,godly,goety,gogga,going,Goldi,golee,golem,Golgi,golly,goloe,golpe,gomer,gonad,gonal,Gondi,goner,gonia,gonid,gonne,gonys,goods,goody,goofy,gools,gooma,goose,goosy,goral,goran,gorce,gorer,gorge,goric,gorra,gorry,gorse,gorsy,gossy,gotch,Gotha,gotra,Gouda,Goudy,gouge,goumi,Goura,gourd,gouty,gowan,goyim,goyin,goyle,grade,graff,graft,grail,graip,grama,grame,gramp,grand,grane,grank,grano,grape,graph,grapy,grasp,grate,grave,gravy,graze,grebe,Grebo,grece,greed,Greek,greet,grege,Gregg,grego,grein,Greta,grice,gride,grief,grift,grike,grill,grime,grimp,grimy,grind,gripe,gripy,grist,grith,grits,groan,groat,groff,groin,groom,groop,groot,grope,gross,grosz,grouf,grout,grove,grovy,growl,grown,grubs,gruel,Grues,gruff,Gruis,grume,grump,grunt,grush,gruss,gryde,guaba,guaco,guaka,guama,guano,guara,guard,guasa,Guato,guava,guaza,gubbo,gucki,gudge,gudok,guess,guest,guffy,gugal,guiba,Guido,guige,guijo,guild,guile,guilt,guily,guise,Gujar,gulae,gular,gulch,gules,gulfy,gulix,gully,gulpy,gumbo,gumby,gumly,gumma,gummy,gundi,gundy,gunge,gunne,gunny,guppy,Guran,gurge,Guric,gurly,gurry,gushy,gusla,gusle,gusto,gusty,gutta,gutte,gutti,gutty,guyer,Guzul,gweed,gwely,gwine,Gyges,Gygis,gymel,gynic,Gyppo,gyral,gyric,gyron,gyrus,Habab,Habbe,habit,hache,hacky,haddo,Hades,hadji,hafiz,haggy,hagia,Haida,Haikh,haily,haine,haire,hairy,hajib,hakam,Hakea,hakim,Hakka,halal,halch,haler,halma,Haloa,halse,halve,hamel,hammy,hamsa,hamus,hamza,hance,hanch,handy,hange,hanif,hanky,hanna,hansa,haole,haoma,haori,haply,harbi,hardy,harem,harka,Harpa,Harpy,harsh,hasan,hashy,hasky,hasta,haste,hasty,hatch,hater,hathi,Hatti,haugh,hauld,haulm,haunt,Hausa,hause,havel,haven,haver,havoc,hawer,hawky,hawok,hawse,hayey,hazen,hazer,hazle,heady,heald,heaps,heapy,heath,heave,heavy,hecte,heder,hedge,hedgy,heedy,heeze,heezy,hefty,heiau,Heidi,heigh,Heinz,Helen,Helge,helio,helix,hello,helly,heloe,Helot,helve,hemad,hemal,hemen,hemic,hemin,hemol,hempy,henad,hence,henna,henny,hepar,Herat,herby,herem,herma,Hermo,herne,heron,herse,hertz,Herve,Hetty,heuau,heugh,Hevea,hewel,hewer,hexad,hexer,hexis,hexyl,hiant,hiate,hided,hider,hield,Hienz,hight,hiker,hilch,Hilda,hilly,hilsa,hilum,hilus,hinau,hinch,Hindi,Hindu,hinge,hinny,hiper,Hippa,hippo,hippy,Hiram,hired,Hiren,hirer,hirse,Hispa,hitch,hithe,hiver,hives,hoard,hoary,hoast,hobby,hocco,hocky,hocus,hoddy,hogan,hoggy,Hogni,hoick,hoise,hoist,Hokan,hokey,hokum,holer,holey,holia,holla,hollo,Homam,homey,honda,hondo,honey,honor,Honzo,hooch,hooey,hoofs,hoofy,hooky,hooly,hoose,hoosh,hoove,hoped,hoper,hoppy,horal,horde,Horim,horme,horny,horsy,hosed,hosel,Hosta,hotch,hotel,hotly,Hotta,hough,hound,houri,housy,hovel,hoven,hover,howdy,Howea,howel,howff,howso,hoyle,Hsuan,huaca,huaco,Huari,Huave,hubba,hubby,hucho,huffy,hulky,human,humbo,humet,humic,humid,humin,humor,humph,humpy,humus,hunch,hundi,hunks,hunky,hurds,hurly,Hurri,hurry,hurst,hurty,husho,hussy,hutch,hutia,huzza,Hybla,Hydra,hydro,hyena,hying,hyleg,hylic,hymen,hynde,hyoid,hyper,hypha,hypho,hyrax,hyson,Iambe,iambi,Ianus,Iberi,ibota,icaco,Iceni,ichor,icica,icily,icing,ictic,ictus,Idaho,Idaic,idant,iddat,Iddio,ideal,Idean,idgah,idiom,idiot,Idism,Idist,idite,idler,idola,idose,idryl,Ierne,Igara,Igdyr,igloo,Ihlat,ihram,Ijore,ikona,ileac,ileon,ileum,ileus,Iliad,ilial,Ilian,iliau,ilima,ilium,illth,Iloko,image,imago,imban,imbat,imbed,imber,imbue,imide,imine,imino,immew,immit,immix,impar,impel,impen,imply,impot,imshi,inaja,inane,inapt,inarm,Incan,incog,incur,incus,incut,indan,index,India,Indra,indri,indue,Indus,indyl,inept,Ineri,inerm,inert,infer,infit,infix,infra,Inger,ingle,ingot,inial,Inigo,inion,Injun,inken,inker,inket,inkle,Inkra,inlaw,inlay,inlet,inner,innet,inoma,inone,inorb,input,inrub,inrun,insea,insee,inset,inter,intil,intue,inula,inure,inurn,Invar,inwit,iodic,iodol,Iowan,Iphis,irade,Irani,Iraqi,irate,Irena,Irfan,Irgun,irian,Irish,Iroha,iroko,irone,irony,Irpex,Irvin,Irwin,Isaac,Isawa,Iseum,Isiac,Islam,islay,islet,islot,ismal,issei,issue,istle,Itala,Itali,itchy,itcze,itemy,ither,ivied,ivory,Ixion,Ixora,izard,izote,iztle,Izumi,jabia,jabot,jabul,jacal,jacko,Jacky,Jacob,jaded,jagat,jager,jaggy,jagir,jagla,jagua,Jahve,Jaime,Jaina,jakes,Jakob,Jakun,jalap,jaman,jambo,James,Jamie,jammy,Janet,Janos,jantu,janua,Janus,japer,Japyx,Jared,Jarmo,jarra,jarry,jasey,Jason,jatha,Jatki,Jatni,jaunt,Javan,javer,jawab,jawed,jazzy,jeans,Jeany,Jebus,jeery,jehup,jelab,Jemez,jenna,jerez,jerib,jerky,Jesse,Jesus,jetty,Jewry,jheel,jhool,jibby,jiboa,jiffy,jiggy,jihad,jingo,jinja,jinks,jinni,jiqui,jirga,jitro,jixie,jocko,jocum,jodel,Johan,joint,joist,joker,jokul,jolly,jolty,Jonah,Jonas,Jones,joola,joree,Jorge,jorum,joshi,josie,Josip,jotty,jough,joule,jours,joust,jowar,jowel,jower,jowly,jowpy,Joyce,Juang,jubbe,Judah,Judas,judex,jufti,jugal,juger,jugum,juice,juicy,julep,Jules,Julia,julid,Julie,julio,Julus,jumba,jumbo,jumby,jumma,jumpy,Junco,junta,junto,jupon,jural,jurat,jurel,juror,Jussi,justo,Jutic,jutka,jutty,juvia,Juyas,kabel,Kadmi,kados,kafiz,Kafka,kafta,kahar,kahau,Kaimo,kaiwi,Kajar,Kakan,kakar,kakke,kalon,kamao,kamas,Kamba,Kamel,kamik,kanae,kanap,kanat,kande,kaneh,kanga,Kanji,Kansa,kapai,kapok,kappa,kappe,kapur,kaput,karbi,karch,Karel,Karen,karma,karou,karri,Kasha,kashi,Kaska,kassu,katar,Kathy,Katie,Katik,katun,kauri,kayak,Kayan,Kazak,kazoo,keach,keawe,kebab,kecky,Kedar,kedge,keech,keena,keest,keeve,kefir,Kefti,keita,Keith,keleh,kelek,kelep,kella,kelpy,kelty,Kemal,kempt,kempy,kenaf,Kenai,kench,kenno,kerat,kerel,Keres,Kerri,Keryx,ketal,ketch,keten,ketol,kette,ketty,ketyl,Kevan,kevel,Kevin,Kevyn,keyed,khadi,khair,khaja,khaki,Khami,Khasa,Khasi,khass,Khaya,Khila,Khmer,khoka,Khond,Khuai,khula,Khuzi,khvat,kiack,kiaki,kiang,kibei,kiddy,kieye,kikar,Kikki,kilah,kilan,kileh,kiley,kilim,killy,Kimmo,kinah,Kingu,kinky,kioea,Kioko,kiosk,Kiowa,kippy,kirve,kishy,kisra,kissy,kiswa,kitab,Kitan,kitar,kithe,kiver,Kiwai,kiyas,Kizil,Klaus,Kling,klops,klosh,knack,knape,knark,knave,knead,kneed,kneel,knell,knelt,knezi,kniaz,knick,knock,knoll,knosp,knout,knowe,known,knurl,Knute,knyaz,koala,koali,koban,Kobus,kodro,Koeri,Kogia,Kohen,kohua,koila,kokam,kokan,kokil,kokio,kokra,kokum,kolea,Kolis,kombu,konak,Konde,Kongo,kongu,Konia,kooka,Koorg,koppa,Korah,Koran,korec,korin,Koroa,Korwa,kosin,kotal,Kotar,kouza,kovil,koyan,kraal,kraft,krait,kraut,kreis,krems,kreng,Krepi,krina,krome,krona,krone,kroon,krosa,kubba,kudos,kudzu,Kufic,kugel,kukri,kukui,kulak,Kuman,kumbi,Kumni,Kumyk,kunai,Kunbi,Kurku,Kurmi,kurus,kusam,Kusan,kusha,kusti,kvass,kvint,Kwapa,kyack,kylix,Kyrie,Kyung,laang,Laban,labba,label,labia,labis,labor,labra,lacca,laced,lacer,lacet,lache,lacis,lacto,laden,lader,Ladik,Ladin,ladle,laeti,lagan,lagen,lager,lagna,laich,laigh,laine,laird,lairy,laity,laker,lakie,lamby,lamel,lamia,lamin,lammy,Lamna,Lamus,Lamut,Lanao,lanas,lanaz,laney,langi,Lango,lanky,Lanny,lanum,lapel,lapon,Lappa,lapse,lapsi,larch,lardy,large,largo,Laria,larid,larin,Larix,larky,Larus,larva,larve,laser,lasso,lasty,latah,Latax,latch,lated,laten,later,latex,lathe,lathy,Latin,latro,latus,lauan,lauia,laund,laver,lavic,lawny,lawzy,laxly,layer,Layia,layne,lazar,leach,Leads,leady,leafy,leaky,leant,leapt,learn,lease,leash,least,leath,leave,leavy,leban,leden,ledge,ledgy,ledol,Ledum,leech,leeky,leery,legal,leger,leges,leggy,legit,legoa,legua,lehua,Leigh,Leila,Leith,lekha,Lelia,leman,lemel,lemma,Lemna,lemon,lemur,lenad,Lenca,lench,Lendu,lenis,Lenny,lenth,lento,Leora,Lepas,leper,lepra,Lepus,lerot,Lerwa,Lesgh,lesiy,lessn,letch,Lethe,Letty,letup,leuch,leuco,leuma,Leung,levee,lever,levin,levir,Levis,Lewie,lewth,lexia,Lhota,liana,liang,liard,Libby,libel,licca,lichi,licit,liege,liesh,lieue,lieve,lifer,lifey,ligas,ligne,liken,liker,likin,lilac,liman,Limax,limbo,Limbu,limby,limen,limer,limes,limey,limma,limmu,limpy,limsy,linch,Linda,lindo,linea,lined,liner,Linet,linga,linge,lingo,lingy,linha,linie,linin,linja,linje,links,linky,Linne,linon,Linos,linty,Linum,Linus,Lipan,lipin,lippy,litas,litch,liter,lithe,lithi,litho,lithy,litra,litus,lived,liven,liver,livid,livor,livre,liwan,llama,llano,Lloyd,Lludd,loach,loamy,Loasa,loath,loave,lobal,lobar,lobby,lobed,local,lochy,locky,locum,locus,lodge,Lodha,Lodur,loess,lofty,logia,logic,logie,login,logoi,logos,lohan,Lohar,lokao,loket,lolly,longa,longe,longs,looby,loony,loopy,loper,loppy,loral,loran,lordy,lored,Loren,loric,loris,lorry,lorum,losel,loser,lotic,Lotta,Lotte,lotto,lotus,louch,louey,lough,Louie,Louis,loulu,loupe,louse,lousy,louty,lover,lowan,lower,lowly,lowth,loxia,loxic,loyal,lubra,Lucan,lucet,Lucia,lucid,lucky,lucre,Luffa,luger,Luian,Luigi,Luite,Lukas,lulab,lumen,lummy,lumpy,lunar,lunch,Lunda,Lunel,lunes,lunge,lungi,lungy,Lunka,Lupid,lupis,lupus,lural,lurch,lurer,lurid,lurky,lurry,lushy,lusky,lusty,Lutao,luteo,luter,Lutra,luxus,lyard,lycid,Lycus,Lydia,lyery,lying,lymph,lynch,Lynne,lyric,Lyrid,lysin,lysis,lyssa,lytic,lytta,Mabel,macan,macao,macaw,macco,macer,machi,macle,Macon,macro,madam,Madge,Madia,madid,madly,Madoc,mafic,mafoo,magas,Maggy,Maghi,magic,magma,Magog,magot,mahar,Mahdi,mahoe,Mahra,Mahri,mahua,Maida,Maidu,maidy,maiid,Maine,mains,maint,maire,Maius,maize,Makah,maker,Makua,makuk,malar,malax,Malay,maleo,malic,malik,malmy,Malto,malty,Malus,Malva,mamba,mambo,Mamie,mamma,mammy,manal,manas,Mande,maned,manei,manes,maney,manga,mange,mangi,mango,mangy,mania,manic,manid,Manis,maniu,manly,manna,manoc,manor,manse,manso,manta,manul,manus,Maori,mapau,maple,mappy,maqui,marae,maral,Marci,mardy,Marek,marge,marid,Marie,Mario,maris,marka,Marko,Marla,marli,marly,marok,marry,Marsi,Martu,Marty,Masai,masha,mashy,massa,masse,massy,masty,matai,Matar,matax,mater,matey,matin,matka,matra,matsu,matta,matte,Matty,matzo,maugh,maund,Mauri,mauve,mavis,mawky,maxim,Mayan,maybe,Mayda,Mayer,Mayey,maynt,mayor,Mazda,mazed,mazer,mazic,Mazur,mazut,Mbaya,mbori,Mbuba,Mckay,mealy,meant,mease,meaty,Mecca,mecon,medal,medio,Medoc,meece,Meeks,meese,Meggy,meile,meith,melam,Melas,melch,melee,Meles,Melia,melic,meloe,melon,melos,Mende,Mendi,mends,Menic,mensa,mense,mensk,Merak,Merat,merch,mercy,merel,merge,mergh,meril,merit,merle,merop,meros,merry,merse,mesad,mesal,mesem,meshy,mesic,mesne,meson,messe,messy,Mesua,metad,metel,meter,metic,Metin,metis,Metol,metra,metze,meuse,meute,mewer,mezzo,Miami,miaow,miasm,miaul,Micah,miche,micht,Micky,micro,middy,Mider,midge,midgy,midst,miffy,might,Mikey,mikie,Mikir,Milan,milch,miler,Miles,milha,milky,mille,Milly,milpa,milty,mimeo,mimer,mimic,mimly,Mimus,minar,mince,miner,mines,minge,Mingo,mingy,minim,minny,minor,Minos,minot,minty,minus,miqra,Mirac,Mirak,mirid,mirth,mirza,misdo,miser,misgo,misky,missy,misty,Mitch,miter,mitis,mitre,mitty,Mitua,mixen,mixer,Mizar,mizzy,mneme,Mnium,mobby,mobed,moble,Mocoa,modal,model,Modoc,moggy,Mogul,mohar,mohel,mohur,Moira,moire,moise,Moism,moist,moity,mokum,molal,molar,moldy,moler,Molge,molka,molle,molpe,momme,mommy,Momus,monad,monal,monas,moner,Mongo,monny,monte,Montu,Monty,mooch,moody,mools,moony,Moore,moorn,moors,moory,moosa,moose,moost,mooth,Mopan,moper,mopla,moppy,mopsy,mopus,Moqui,moral,Moran,morat,moray,Mordv,morel,mores,morga,moric,morin,mormo,morne,moroc,moron,morph,morth,Morus,Moses,mosey,Mosgu,Mossi,mossy,moste,Mosul,Mosur,moted,motel,moter,motet,motey,mothy,motif,motor,motte,motto,moudy,mould,moule,mouls,mouly,mound,mount,mourn,mouse,mousy,mover,movie,mowch,mower,mowha,mowie,mowra,mowse,mowth,moyen,moyle,mpret,muang,mucic,mucid,mucin,mucky,mucor,mucro,mucus,mudar,mudde,muddy,mudee,mudir,mudra,muffy,mufti,mufty,muggy,Mugil,muist,Mukri,mukti,mulch,mulct,muley,mulga,mulla,mulse,mummy,mumps,munch,Munda,munga,munge,mungo,mungy,Munia,Muong,mural,Muran,Murat,murex,murga,murid,murky,murly,Murmi,Murph,murra,murre,Murut,murva,murza,musal,musar,Musca,Musci,mused,muser,Musgu,musha,mushy,musie,musky,mussy,musty,mutch,Muter,mutic,muzzy,myall,Mymar,myoid,myoma,myope,myops,myopy,myrrh,mysel,mysid,Mysis,nabak,Nabal,Nabby,nabla,nable,nabob,nacre,nacry,nadir,naggy,naght,nagor,Nahor,Nahua,Nahum,naiad,Naias,naily,nairy,naish,naive,naked,naker,Nakir,nakoo,namaz,Nambe,namda,namer,Nance,Nanda,nandu,nanes,nanga,Nantz,Naomi,Naoto,napal,napoo,nappe,nappy,Naren,nares,naric,narky,narra,nasab,nasal,nasch,Nassa,nasty,Nasua,nasus,natch,nates,nathe,natty,naumk,naunt,naval,navar,navel,navet,navew,navvy,nawab,Nayar,nazim,nazir,neath,nebby,nebel,neddy,needs,needy,neeld,neele,neese,neeze,neffy,neger,neigh,neist,Nejdi,Nelly,nenta,neoza,Nepal,neper,nervy,nesty,neter,netop,neuma,neume,nevel,never,nevoy,nevus,Newar,newel,newly,newsy,nexal,nexum,nexus,ngaio,ngapi,Ngoko,Niall,niata,nibby,niche,nicky,Nicol,nidal,nidge,nidor,nidus,niece,Niels,niepa,nieve,nific,nifle,nifty,Nigel,nigre,nigua,Nihal,nikau,Nikko,Nilot,nimbi,Ninja,ninny,Ninox,ninth,nintu,ninut,Niobe,niota,nippy,Nisan,nisei,nisse,nisus,nitch,niter,nitid,niton,nitro,nitty,Niuan,nival,nixie,njave,nobby,noble,nobly,nodal,noddy,noded,nodus,Noemi,Nogai,nogal,nohow,noily,noint,noisy,nokta,nolle,nomad,nomic,nomos,nonce,nonda,nondo,nones,nonet,nonic,nonly,nonya,nonyl,nooky,noose,nopal,Norah,noria,Noric,norie,Norna,Norse,Norsk,nosed,noser,nosey,notal,notan,notch,noted,noter,notum,Notus,novel,novem,noway,nowed,nowel,noxal,noyau,nubby,nubia,nucal,nucha,nucin,nudge,nullo,numda,numen,nummi,numud,nunch,Nunki,nunky,nunni,nuque,nurly,nurse,nursy,nutty,Nyaya,Nydia,nylon,nymil,nymph,Nyoro,Nyssa,nyxis,oadal,oaken,oakum,oared,oaric,oasal,oases,oasis,oaten,obeah,obese,obley,obole,occur,ocean,ocher,Ochna,ochro,ocote,ocque,ocrea,octad,octan,octet,octic,octyl,ocuby,oddly,odeon,odeum,odist,odium,odoom,oecus,oenin,offal,often,ofter,oftly,ogeed,ogham,Oghuz,ogive,ogler,ogmic,ohelo,ohmic,oiled,oiler,oisin,okapi,okrug,Olcha,Olchi,olden,older,oleic,olein,olena,olent,Ollie,ology,olona,Olson,Omaha,Omani,omber,omega,omina,omlah,oncia,oncin,onery,onion,onium,onkos,onlay,Onmun,onset,ontal,onymy,oolak,oolly,oopak,oopod,ootid,Opata,opera,ophic,Ophis,opine,opium,optic,orach,orage,orant,Oraon,orary,orate,orbed,orbic,orbit,orcin,oread,Oreas,organ,orgia,orgic,orgue,Orias,oribi,oriel,Orion,Oriya,orlet,orlop,ormer,ornis,Oromo,orris,orsel,Orson,ortet,ortho,Ortol,Ortyx,Oryza,Osage,Oscan,Oscar,oscin,osela,oshac,oside,osier,Oskar,osmic,osmin,osone,ossal,Osset,Ostic,otary,otate,Othin,otkon,Otomi,ottar,otter,Otyak,ouabe,ought,Ouija,oukia,oulap,ounce,ounds,ouphe,ourie,outby,outdo,outed,outen,outer,outgo,outly,outre,ouzel,ovant,ovary,ovate,overt,ovest,ovile,ovine,ovism,ovist,ovoid,ovolo,Ovula,ovule,owght,owing,owler,owlet,owsen,owser,oxane,oxbow,oxboy,oxeye,oxfly,oxide,oxime,oxlip,oxman,oxter,Oyana,Ozark,ozena,Ozias,ozone,paauw,pacay,paced,pacer,Pacht,Padda,padge,padle,padre,Padus,paean,paeon,pagan,pager,pagus,pahmi,paisa,palar,palas,Palau,palay,palch,palea,paled,paler,Pales,palet,palla,palli,Pallu,pally,palma,palmo,palmy,palpi,palsy,Palta,Pamir,Panak,panax,panda,pandy,paned,panel,pangi,panic,Panna,panne,Panos,panse,pansy,panto,pants,panty,Paola,paolo,papal,papaw,papey,Papio,pappi,pappy,papyr,Paque,parah,param,parao,parch,pardo,parel,paren,parer,parge,pargo,Paris,parka,parky,parle,parly,parol,Parra,parry,parse,Parsi,parto,party,Parus,pasan,Pasch,pasha,pashm,pasmo,passo,pasty,pasul,patao,patas,patch,patel,paten,pater,pathy,patio,patly,Patsy,patta,patte,pattu,Paula,pause,pauxi,pavan,paver,Pavia,pavid,pavis,pawer,pawky,payed,payee,payer,Payni,payor,peach,peage,peaky,pearl,peart,peasy,peaty,peavy,Peban,pecan,pecht,pecky,Pecos,pedal,pedee,pedes,pedum,peele,peeoy,peepy,peery,peeve,peine,peise,pekan,pekoe,Pelew,pelon,pelta,penal,pence,penda,pengo,penis,penna,penni,pensy,penta,peony,peppy,Perca,perch,Percy,perdu,peres,peril,perit,perky,Perla,perle,perse,perty,Perun,Pesah,pesky,peste,petal,petit,petre,petty,peuhl,pewee,pewit,pfund,Phaca,Phaet,phage,phano,phare,phase,phasm,pheal,Phebe,phene,Pheny,pheon,phial,Phill,phoby,phoca,Phoma,phone,phono,phony,Phora,phose,photo,phyla,phyle,phyma,Physa,piaba,piano,Piast,Picae,pical,Picea,pichi,picky,picot,picra,picul,Picus,pidan,piece,piend,Piete,piety,piezo,piggy,pigly,Pigmy,piked,pikel,piker,pikey,pikle,pilau,pilch,Pilea,piled,piler,piles,pilin,pilmy,pilon,pilum,pilus,Piman,Pinal,pinax,pinch,pinda,pindy,pined,piner,piney,pinic,pinky,pinny,pinon,pinta,pinte,pinto,Pinus,pinyl,Piotr,pious,Pioxe,pipal,piped,pipet,Pipil,pipit,pippy,Pipra,pique,pirny,pirol,Pisan,pisay,pisco,pishu,pisky,Pisum,pitau,pitch,pithy,Pitta,piuri,pivot,pixie,pizza,plack,plaga,plage,plaid,plain,plait,plang,plank,plash,plasm,plass,Platt,platy,plaud,playa,plaza,plead,pleat,plebe,plebs,pleck,pleny,pleon,plica,plied,plier,plies,Pliny,ploat,ploce,plock,plomb,plook,plote,plouk,plout,pluck,pluff,pluma,plumb,plume,plump,plumy,plunk,plush,Pluto,plyer,poach,pobby,poche,pocky,podal,poddy,podex,podge,podgy,poesy,pogge,poggy,pohna,poilu,poind,poise,Pokan,poked,poker,pokey,Pokom,Polab,polar,poler,poley,polio,polis,polka,Polly,polos,polyp,Pomak,pombe,pombo,pomey,pomme,pommy,pompa,Ponca,ponce,Pondo,pondy,poney,ponga,Pongo,ponja,ponto,pooch,pooka,pooli,pooly,popal,poppa,poppy,poral,porch,pored,porer,porge,porgy,Poria,porky,poros,porry,porta,porto,porty,porus,posca,poser,posey,posit,posse,potch,poter,potoo,potto,potty,pouce,pouch,poulp,poult,pound,pouty,poyou,praam,prana,prank,prase,prate,Pratt,prawn,praya,preen,press,prest,prexy,prich,prick,pride,pridy,pried,prier,prill,prima,prime,primp,primy,prine,prink,prion,prior,prism,priss,prius,privy,prize,proal,probe,proem,proke,prone,prong,proof,props,prore,proso,pross,prosy,prote,proto,prove,prowl,proxy,prude,Prudy,prune,prunt,pryer,pryse,psalm,Pshav,pshaw,psoas,psora,psych,pubal,pubes,pubic,pubis,pucka,puddy,pudge,pudgy,pudic,pudsy,puffy,puggi,puggy,pugil,puist,puker,puler,Pulex,pulka,pulli,pulpy,pulse,Punan,punch,punct,punga,pungi,Punic,punky,punta,punti,punto,punty,pupal,pupil,puppy,purdy,pured,puree,purer,purga,purge,purre,purry,purse,pursy,pussy,putid,putty,pyche,pygal,pylar,pylic,pylon,pyoid,pyral,pyran,Pyrus,pyxie,quack,Quadi,quaff,quail,quake,quaky,quale,qualm,quant,quare,quark,quarl,quart,quash,quasi,quata,quauk,quave,quawk,qubba,queak,queal,quean,queen,queer,queet,quegh,quell,queme,querl,quern,query,quest,queue,quica,quiff,quila,quill,quilt,quina,quink,quint,quipo,quipu,quira,quire,quirk,quirl,quirt,quits,Quitu,quoin,quoit,quota,quote,quoth,Qurti,raash,rabat,rabbi,rabic,rabid,Rabin,racer,rache,racon,radar,Radek,radii,radio,radix,radon,raffe,Rafik,rafty,rager,raggy,Raghu,Rahul,Raiae,rainy,raise,Rajiv,rakan,raker,rakit,rally,ramal,Raman,Rambo,ramed,ramet,ramex,ramie,rammy,Ramon,ramus,ranal,rance,ranch,rangy,ranid,ranny,ranty,raper,raphe,rapic,rapid,rappe,rasen,raser,raspy,rasse,ratal,ratch,rated,ratel,rater,rathe,ratio,ratti,ratty,ratwa,rauli,raupo,ravel,raven,raver,ravin,Rayan,rayed,rayon,razee,razer,razoo,razor,reaal,reach,react,readd,realm,reamy,rearm,reask,reasy,reave,rebab,rebag,reban,rebar,rebec,rebed,rebeg,rebel,rebia,rebid,rebob,rebop,rebox,rebud,rebus,rebut,rebuy,recap,recce,recco,reccy,recon,recta,recti,recto,recur,recut,redan,reddy,redia,redig,redip,redly,redox,redry,redub,redue,redux,redye,reedy,reefy,reeky,reese,reesk,reest,reeve,refan,refel,refer,refit,refix,refly,regal,reges,reget,Regga,regia,regin,regle,regma,regur,rehoe,reify,reign,reina,reins,relap,relax,relay,relet,relic,relot,reman,remap,remex,remit,remix,remop,Remus,renal,reneg,renes,renet,renew,renin,renky,renne,reoil,reown,repay,repeg,repel,repen,repew,repic,repin,reply,repot,reree,rerig,rerob,rerow,rerub,rerun,resaw,resay,resee,reset,resew,resex,resin,resow,resty,resue,resun,resup,retag,retan,retax,retch,retem,rethe,retia,retie,retin,retip,retry,Reuel,reune,reuse,revel,rever,revet,revie,revue,rewax,rewed,rewet,rewin,rexen,rhamn,Rheae,rheen,rheic,rhein,rhema,rheme,Rhina,rhine,rhino,Rhoda,Rhoeo,rhomb,rhumb,rhyme,rhymy,riant,riata,ribat,ribby,Ribes,ricer,ricey,richt,ricin,Ricky,riden,rider,ridge,ridgy,Riffi,rifle,rifty,Rigel,rigid,rigol,rigor,riley,rilly,rimal,rimer,rimpi,rinch,Rinde,rindy,ringe,ringy,rinka,rinse,ripal,ripen,riper,ripup,risen,riser,rishi,risky,ritzy,rival,rivel,riven,rivet,riyal,roach,roast,rober,roble,robot,robur,rocky,rocta,rodeo,rodge,rogan,rohan,rohob,rohun,roily,Roist,rokee,roker,rokey,roleo,Rolfe,Rollo,romal,Roman,Romeo,Romic,rompu,rompy,ronco,ronde,rondo,Ronga,Ronni,roofy,rooky,roomy,roosa,roost,rooty,roove,roper,ropes,roque,roral,roric,rorty,rosal,rosed,rosel,roset,rosin,rotan,rotch,roter,rotge,rotor,Rotse,rouge,rougy,rouky,roupy,rouse,roust,route,routh,rover,rovet,rowan,rowdy,rowed,rowel,rowen,rower,rowet,rowty,Roxie,royal,royet,rozum,ruach,ruana,Rubia,ruble,rubor,Rubus,ruche,rucky,rudas,ruddy,rudge,Rugby,ruggy,ruing,ruler,rumal,Ruman,rumbo,rumen,Rumex,rumly,rummy,rumor,runby,runch,Rundi,runed,runer,runic,runny,runty,rupee,rupia,rupie,rural,rushy,Rusin,rusky,rusma,rusot,rutch,rutic,rutin,rutty,rutyl,ruvid,rybat,ryder,Sabal,Saban,saber,Sabia,Sabik,Sabir,sable,sably,sabot,sabzi,Sacae,sacra,sacro,sadhe,sadhu,sadic,Sadie,sadly,Safar,safen,Sagai,saggy,Sagra,sagum,sahib,sahme,Saidi,Saify,saiga,Saiid,saily,saimy,saint,Saiph,sairy,Saite,Saiva,sajou,Sakai,Sakel,saker,Sakha,salad,salal,salat,salay,salep,salle,salma,Salmo,salon,salse,salta,salty,Salva,salve,salvo,salvy,samaj,Samal,saman,Samas,samba,samel,samen,Samir,sampi,sanai,sanct,Sancy,sanga,sansi,Santa,Santo,sapan,sapek,sapid,sapin,saple,sapor,sappy,Saqib,saraf,Sarah,Saran,sargo,sarif,sarip,sarna,sarod,saron,saros,sarpo,sarra,sarsa,Sarsi,Saruk,sarus,sasan,sasin,sassy,satin,satyr,sauce,saucy,saugh,sauld,sault,sauna,Saura,saury,saute,sauty,sauve,saved,saver,savin,savor,savoy,savvy,sawah,Sawan,sawed,sawer,Saxon,Sayal,sayer,sayid,sazen,scads,scaff,scala,scald,scall,scalp,scalt,scaly,scamp,scant,scape,scare,scarf,scarn,scarp,scart,scary,scase,scaul,scaum,scaup,scaur,scaut,scawd,scawl,sceat,scena,scend,scene,scent,schuh,schwa,Scian,scind,scion,Sciot,Sclav,sclaw,scler,sclim,scoad,scobs,scoff,scoke,scolb,scold,scone,scoon,scoop,scoot,scopa,scope,scops,score,scorn,scote,Scots,Scott,scouk,scoup,scour,scout,scove,scovy,scowl,scrab,scrae,scrag,scram,scran,scrap,scrat,scraw,scray,scree,scrim,scrin,scrip,scrob,scrod,scrog,scroo,scrow,scrub,scruf,scrum,scudi,scudo,scuff,scuft,scull,sculp,scurf,scuse,scuta,scute,Scyld,Scyth,seamy,seary,seave,seavy,sebum,secos,secre,Sedat,Seder,sedge,sedgy,seech,seedy,seege,seely,Seenu,seepy,segol,Sehyo,seine,seise,seism,seity,seize,Sekar,Seker,sekos,selah,sella,Selli,selly,selva,semen,semic,semis,senam,sence,Senci,sensa,senso,sepad,sepal,sepia,sepic,sepoy,septa,Septi,sequa,serab,serai,seral,serau,seraw,sereh,Serer,Seres,Seric,serif,serin,serio,sermo,seron,serow,serra,serry,serta,serum,serut,serve,servo,Sesia,sesma,sesti,setae,setal,seton,setup,seugh,seven,sever,sewan,sewed,sewen,sewer,sexed,sexly,sexto,sfoot,shack,shady,shaft,shahi,Shaka,shako,shaku,shaky,shale,shall,shalt,shaly,shama,Shane,Shang,shank,shant,shaps,shapy,shard,share,Shari,shark,sharn,shaul,shaup,shave,shawl,shawm,Shawn,shawy,sheaf,sheal,Shean,shear,sheat,sheen,sheer,sheet,sheik,shela,sheld,shell,Shemu,shend,sheng,Sheol,sheth,sheva,shewa,Shiah,shice,shide,shied,shiel,shier,shies,shift,shiko,shilf,Shilh,shill,Shina,shine,shiny,shire,shirk,shirl,shirr,shish,shisn,shita,shive,shivy,Shluh,shoad,shoal,shoat,shode,shoer,shogi,shoji,Shojo,shola,shole,Shona,shone,shood,shooi,shook,shool,shoop,shoor,shoot,shore,shorn,shote,shott,shout,shove,shown,showy,shoya,shrab,shraf,shrag,shram,shrap,shred,shrew,shrip,shrog,shrub,shrug,shuba,shuck,shuff,shune,shunt,shure,shurf,shush,Shyam,shyer,shyly,sibby,sibyl,sicca,Sicel,sided,sider,sides,sidhe,sidle,sidth,siege,Siena,Sieva,sieve,sievy,sifac,sight,sigil,sigla,sikar,siket,Silas,silen,silex,silky,silly,silty,silva,silyl,simal,simar,Simia,Simon,Sinae,sinal,since,sinew,singe,singh,Sinic,sinky,Sinto,Sintu,sinus,Sioux,siper,sipid,siren,sirih,siris,sirki,sirky,siroc,sirup,sisal,sisel,Sissu,sissy,sitao,sitar,sitch,sithe,sitio,Sitka,Sitta,situs,Siusi,Sivan,siver,Siwan,sixer,sixte,sixth,sixty,sizal,sizar,sized,sizer,sizes,Sjaak,skaff,skair,skart,skate,skean,skeed,skeeg,skeel,skeen,skeer,skeet,skeif,skein,skelf,skell,skelp,skemp,skene,skere,skete,skewl,skewy,skice,Skidi,skied,skier,skies,skiff,skift,skill,skime,skimp,skink,skirl,skirp,skirr,skite,skive,skoal,skout,skulk,skull,skulp,skunk,skuse,skyey,skyre,slack,slade,slain,slait,slake,slaky,slamp,slane,slang,slank,slant,slape,slare,slart,slash,slate,slath,slaty,slaum,Slavi,sleck,sleek,sleer,sleet,slent,slept,slete,slice,slich,slick,slide,slime,slimy,sline,sling,slink,slipe,slirt,slish,slite,slive,sloan,slock,sloka,sloke,slone,slonk,sloom,sloop,slops,slopy,slorp,slosh,slote,sloth,slour,slows,sloyd,sluer,sluig,sluit,slump,slung,slunk,slurp,slush,slyly,slype,smack,smaik,smalm,smalt,smarm,smart,smaze,smear,smeek,smeer,smelt,smeth,smich,smily,smirk,smite,smith,smock,smoky,smolt,smook,Smoos,smoot,smore,smote,smous,smout,smurr,smuse,smush,smyth,snack,snaff,snafu,snail,snaky,snape,snaps,snapy,snare,snark,snarl,snary,snath,snead,sneak,sneap,sneck,sneer,snell,snerp,snick,snide,sniff,snift,snipe,snipy,snirl,snirt,snite,snivy,snock,snoek,snoga,snoke,snood,snook,snoop,snoot,snore,snork,snort,snout,snowk,snowl,snowy,snuck,snuff,snurl,snurp,snurt,soaky,soapy,soary,sobby,sober,socht,socii,socky,socle,soddy,sodic,sodio,Sodom,sofar,Sofia,softa,softy,soger,soget,soggy,soily,soken,solan,solar,solay,soldi,soldo,soler,soles,solod,solum,solve,somma,sonar,Songo,songy,sonic,Sonja,sonly,sonsy,Sooke,sooky,soord,sooth,sooty,sopor,soppy,soral,sorda,soree,Sorex,sorgo,sorra,sorry,sorty,sorus,sorva,Sosia,Soter,Sotho,sotie,Sotik,sotol,sough,souly,soupy,soury,souse,sowan,sowar,sowel,sower,sowle,sowse,sowte,Soyot,sozin,spack,spacy,spaer,spahi,spaid,spaik,spald,spale,spall,spalt,spane,spang,spank,spann,spare,spark,sparm,spart,spary,spasm,Spass,spate,spave,spawn,speak,speal,spean,spear,spece,speck,specs,speed,speel,speen,speer,spelk,spell,spelt,spend,spent,speos,sperm,spewy,Sphex,spice,spick,spicy,spied,spiel,spier,spiff,spiky,spile,spill,spilt,spina,spine,spink,spiny,spire,spiro,spirt,spiry,spise,spite,spitz,splat,splay,splet,split,Spock,spode,spoil,spoke,spoky,spole,spong,spoof,spook,spool,spoom,spoor,spoot,spore,sport,sposh,spout,sprad,sprag,sprat,spray,spree,spret,sprew,sprig,sprit,sprod,sprue,sprug,spuke,spume,spumy,spung,spunk,spurl,spurn,spurt,sputa,spyer,squab,squad,squam,squat,squaw,squib,squid,squin,squit,sruti,staab,stack,Stacy,stade,staff,stagy,staia,staid,stain,staio,stair,stake,stale,stalk,stall,stand,stane,stang,stank,stare,stark,starn,stary,stash,stauk,staun,staup,stave,stawn,stays,stchi,stead,steak,steal,stean,stech,steed,steek,steep,steer,steid,stela,stele,stell,stema,stend,steng,steno,stent,stept,stere,steri,sterk,stero,stert,Steve,stewy,stich,stife,stile,stilt,stime,stimy,stine,sting,stink,stint,stion,Stipa,stipe,stirk,stirp,stite,stith,stive,stivy,stoat,stock,stoep,stoff,stoga,stogy,stoke,stola,stole,stoma,stomp,stond,stong,stony,stood,stoof,stook,stool,stoon,stoop,stoot,stopa,stope,stork,storm,stosh,stoss,stoun,stoup,stour,stout,stove,strae,strag,stram,strap,straw,stray,stree,stret,strew,strey,stria,strid,strig,strip,strit,strom,strop,strow,stroy,strub,strue,strum,strut,struv,stubb,stuck,stude,study,stuff,stull,stulm,stump,stung,stunk,stunt,stupa,stupe,stupp,sturk,sturt,stuss,styan,styca,style,stylo,suade,suant,suave,subah,suber,Subra,succi,sucre,Sudan,suddy,Sudic,Sudra,sudsy,suede,suety,Sueve,Suevi,sugan,Sugih,Suina,suine,suing,suint,suist,suite,suity,Sukey,sulea,sulfa,sulka,sulky,sulla,sully,sumac,Sumak,sumph,Sunil,Sunna,Sunni,sunny,sunup,Suomi,Supai,super,surah,sural,surat,sures,surfy,surge,surgy,surly,surma,surra,Surya,Susan,Susie,sutor,sutra,Suyog,Suzan,swack,swage,swain,swale,swami,swamp,Swamy,swang,swank,swape,sward,sware,swarf,swarm,swart,swash,swath,Swati,Swazi,sweal,swear,sweat,Swede,sweep,sweer,swego,swell,swelp,swelt,swept,swerd,swick,swift,swile,swill,swimy,swine,swing,swink,swipe,swipy,swird,swire,swirl,swish,swith,swoon,swoop,sword,swore,sworn,swosh,swung,swure,Sybil,sycee,Sycon,sylid,sylph,sylva,synch,synod,syrup,tabes,tabet,tabic,tabid,tabla,tabog,taboo,tabor,tabut,Tacca,tache,tacit,tacky,tacso,tafia,Tagal,taggy,tagua,tahil,tahin,tahua,taich,taiga,taily,Taino,taint,Taipi,taipo,tairn,taise,Tajik,Takao,takar,taken,taker,takin,takyr,talak,talao,talar,taled,taler,tales,talis,talky,tally,talma,talon,Talpa,taluk,talus,tamas,tambo,tamer,Tamil,tamis,Tamul,Tamus,tanak,tanan,Tandy,tanga,tangi,tango,tangs,tangy,tanha,tania,tanka,tanoa,tansy,tanti,Tanya,tanzy,tapas,tapen,taper,tapet,tapia,tapir,tapis,tapoa,tappa,tapul,taqua,taraf,Tarai,tarau,tardy,tarea,Tareq,tarfa,targe,tarie,tarin,Tarmi,taroc,tarok,tarot,tarri,tarry,tarse,tarsi,tarve,tasco,tasse,tasty,Tatar,tater,Tates,tatie,tatou,tatta,tatty,Taube,taula,Tauli,taunt,taupe,taupo,Tauri,taver,tawer,Tawgi,tawie,tawny,tawpi,tawse,taxed,taxer,taxis,taxon,taxor,Taxus,tayer,tayir,tayra,tazia,Tcawi,tchai,Tchwi,teach,teaer,teaey,teart,teary,tease,teasy,teaty,teave,teaze,Tebet,techy,Tecla,tecon,tecum,Teddy,tedge,teems,teens,teeny,teest,teeth,teety,tegua,Teian,teind,tekya,telar,Telei,telic,tellt,telyn,tembe,Tembu,temin,Temne,Tempe,tempi,tempo,tempt,temse,tenai,tench,tenet,tengu,tenio,tenne,tenon,tenor,tense,tenth,tenty,tepal,tepee,tepid,tepor,terap,teras,terek,tereu,terma,terna,terne,Terri,terse,terzo,testa,teste,testy,tetch,tetel,Teton,tetra,Tetum,tewel,tewer,tewit,tewly,Texan,Texas,thack,Thais,thana,thane,thank,tharf,tharm,thatn,thats,thave,thawn,thawy,theah,theat,theca,theek,theer,theet,theft,thegn,their,thema,theme,theow,therm,these,theta,thewy,thief,thigh,thilk,thill,thine,thiol,third,thirl,thirt,thisn,thoft,thoke,thole,tholi,thone,thong,thoom,thore,thorn,thoro,thorp,thort,thowt,thram,thrap,thraw,Thrax,three,threw,thrip,throb,throe,throu,throw,thrum,thruv,Thuan,Thuja,Thule,thulr,thump,thung,thuoc,thurl,thurm,thurt,thyme,thymy,tiang,tiara,Tibbu,tibby,tibet,tibey,tibia,tical,ticca,ticer,ticky,ticul,tidal,tiddy,tided,tiffy,tiger,Tigre,Tigua,tikka,tikor,tikur,Tilda,tilde,tiled,tiler,Tilia,tilly,tilth,tilty,timar,timbe,timbo,timed,timer,times,timid,Timne,timor,tinct,tinea,tined,tinge,tingi,Tinne,Tinni,tinny,tinta,tinty,tiple,tippy,tipsy,tipup,tirer,tirma,tirve,tisar,Titan,titar,titer,tithe,title,titre,titty,Titus,tiver,Tiwaz,tizzy,tlaco,tmema,toady,toast,today,toddy,Todea,Todus,toffy,togue,toher,toise,toity,token,tolan,toldo,tolly,tolyl,toman,Tomas,tombe,tomin,tonal,toned,toner,tongs,tonic,Tonna,Tonto,tonus,Toona,toosh,topaz,topee,toper,topia,topic,toppy,topsl,Topsy,toque,torah,toral,toran,torch,tored,toric,torii,torma,torse,torsk,torso,torta,torus,torve,toshy,tossy,total,totem,toter,totty,totum,tough,tould,tourn,touse,tousy,Tovah,tovar,towai,towan,towel,tower,towny,toxic,toxin,toxon,toyer,toyon,tozee,tozer,trace,track,tract,Tracy,trady,tragi,traik,trail,trait,trama,trame,tramp,trank,trant,Trapa,traps,trash,trass,trasy,trave,trawl,tread,treat,treed,treen,treey,Trema,trend,Trent,tress,trest,trews,triad,trial,Trias,tribe,trica,trice,tried,trier,trifa,trike,trill,trine,trink,trior,tripe,tripy,trist,trite,Trixy,Troad,troat,troca,trock,troco,trode,troft,trogs,Troic,troke,troll,tromp,trona,tronc,trone,troop,troot,trope,troth,trout,trove,trubu,truce,truck,Trudy,truer,truff,trull,truly,trump,trunk,trush,truss,trust,truth,tryma,trypa,tryst,tsere,tsine,tsuba,tsubo,Tsuga,Tsuma,tuarn,tuart,tuath,tubae,tubal,tubar,tubba,tubby,tuber,tubig,tubik,tucky,tucum,tudel,Tudor,tufan,tufty,tugui,tuism,tukra,tulip,tulle,tulsi,tumid,tummy,tumor,tunca,tuned,tuner,Tunga,tungo,tunic,tunna,tunny,tupek,tupik,tuque,turfy,turgy,turio,Turki,turma,turns,turps,turse,turus,tusky,tutee,tutin,tutly,tutor,tutti,tutty,Tuzla,twain,twale,twalt,Twana,twang,twank,twant,tweag,tweak,tweed,tweeg,tweel,tween,tweet,tweil,twere,twerp,twice,twick,twill,twilt,twine,twink,twiny,twire,twirk,twirl,twite,twixt,Tyche,tydie,Tyigh,tying,tyken,Tyler,tylus,typal,typer,Typha,typic,tyste,Tzaam,Uaupe,uayeb,Uchee,uckia,udasi,udder,udell,Udish,Ugric,uhlan,uhllo,Uigur,uinal,Uinta,ukase,ulcer,ulema,uller,ulmic,ulmin,Ulmus,ulnad,ulnae,ulnar,uloid,ultra,uluhi,ululu,Ulvan,Umaua,umbel,umber,umble,umiak,umiri,umpty,unact,unadd,Unami,unamo,unapt,unark,unarm,unary,unbag,unbar,unbay,unbed,unbet,unbid,unbit,unbog,unbow,unbox,unboy,unbud,uncap,uncia,uncle,uncoy,uncus,uncut,undam,unden,undid,undig,undim,undog,undon,undry,undub,undue,undug,undye,uneye,unfar,unfed,unfew,unfit,unfix,unfur,ungag,unget,ungka,ungod,ungot,ungum,unhad,unhap,unhat,unhex,unhid,unhit,unhot,unice,unify,uninn,union,unite,unity,unjam,unked,unken,unket,unkey,unkid,unkin,unlap,unlaw,unlay,unled,unlet,unlid,unlie,unlit,unmad,unman,unmet,unmew,unmix,unnew,unode,unoil,unold,Unona,unorn,unown,unpeg,unpen,unpin,unpot,unput,unram,unray,unred,unrid,unrig,unrip,unrow,Unrra,unrun,unsad,unsay,unsee,unset,unsew,unsex,unshy,unsin,unsly,unson,unsty,unsun,untap,untar,untax,untie,until,untin,untop,unurn,unuse,unwan,unwax,unweb,unwed,unwet,unwig,unwon,unzen,uparm,upbar,upbay,upbid,upbuy,upcry,upcut,updry,upeat,upend,upfly,upget,upher,upjet,uplay,upleg,upmix,upper,uppop,uprid,uprip,uprun,upset,upsey,upsit,upsun,upsup,uptie,Upupa,upwax,upway,urali,urare,urari,urase,urate,urbic,urdee,ureal,ureic,ureid,Urena,urent,urger,Uriah,urial,Urian,Uriel,urine,urite,urlar,urled,urman,urnae,urnal,ursal,Ursid,urson,ursuk,Ursus,urubu,urucu,usage,usara,usent,Ushak,usher,Uskok,usnic,usque,uster,usual,usure,usurp,usury,utchy,utees,uteri,utick,utile,utrum,utsuk,utter,uvate,uveal,uviol,uvito,uvrou,uvula,uvver,uzara,Uzbak,Uzbeg,Uzbek,vache,vacoa,Vadim,vagal,vagas,vague,vagus,vaire,vairy,vajra,vakia,vakil,valet,valid,Valmy,valor,Valsa,valse,valva,valve,valyl,Vance,Vanda,vaned,Vanir,vapid,vapor,varan,Varda,vardy,varec,varix,varna,varus,varve,vasal,vasty,vatic,vaudy,vault,vaunt,vealy,Vedda,Vedic,vedro,veery,veily,veiny,Vejoz,velal,velar,veldt,velic,velte,velum,venal,Vened,venie,venin,venom,venue,Venus,Vepse,verby,verek,verge,vergi,Verpa,verre,verso,verst,verve,Vespa,Vesta,vetch,veuve,vexed,vexer,vexil,viand,vibex,vibix,vicar,Vicia,Vicki,Vicky,video,vidry,Vidua,vidya,viewy,vifda,vigia,vigil,vigor,vijao,Vijay,villa,ville,vimen,vinal,Vince,vinea,vined,viner,vinic,vinny,Vinod,vinta,vinyl,viola,viper,viral,vireo,virga,Virgo,virid,viron,virtu,virus,visie,visit,visne,vison,visor,vista,visto,vital,Vitis,vitta,viuva,vivax,Vivek,viver,vives,vivid,vixen,Vlach,vocal,vodka,vogue,Vogul,voile,volar,volet,Volta,volva,vomer,vomit,votal,voter,vouch,vouge,Vouli,vowed,vowel,vower,vraic,vuggy,vulva,vying,waapa,Waasi,wabby,wacke,wacky,waddy,wader,wadna,wafer,wafty,waged,wager,wages,waggy,wagon,wahoo,waily,waird,waise,waist,waive,wakan,waken,waker,wakes,Wakhi,wakif,wakon,waled,wally,walsh,walth,waltz,wamel,wamus,wandy,waned,wanga,wanle,wanly,wanny,wanty,Wappo,warch,warly,warnt,Warri,warse,warst,warth,warty,Warua,warve,Wasat,Wasco,wasel,Washo,washy,Wasir,wasnt,waspy,wasty,watap,wauch,waugh,wauns,Waura,wauve,waved,waver,wavey,wawah,waxen,waxer,Wayao,Wayne,Wazir,weaky,weald,weary,weave,webby,weber,wecht,wedge,wedgy,weeda,weedy,weeny,weeps,weepy,weesh,weeze,wefty,weigh,weird,weism,wekau,welly,wench,wende,Wendi,Wendy,wenny,weste,westy,wetly,wevet,Wezen,whack,whale,whalm,whalp,whaly,whame,whamp,whand,whang,whank,whare,wharf,wharl,wharp,whart,whase,whata,whats,whauk,whaup,whaur,wheal,wheam,wheat,wheem,wheen,wheep,wheer,wheft,whein,wheki,whelk,whelm,whelp,whewl,whewt,whiba,which,whick,whiff,whift,whilk,whill,whils,whine,whing,whiny,whipt,whirl,whish,whisk,whisp,whist,whits,whity,whole,whone,whoof,whoop,whore,whorl,whort,whose,whuff,whulk,whush,whute,wicht,wicky,widdy,widen,widow,width,wield,wifie,wigan,wiggy,wight,wilga,wince,winch,windy,wined,winer,wingy,winly,winna,winze,wiper,wired,wirer,Wiros,wirra,wisen,wiser,wisha,wisht,wispy,wisse,wiste,witan,witch,withe,withy,witty,wiver,Wiyat,Wiyot,wizen,wloka,woady,woald,wodge,wodgy,woibe,wokas,woldy,Wolof,wolve,womby,wonga,wonky,wonna,wooer,woofy,woold,woons,woosh,wootz,woozy,wordy,works,worky,world,wormy,worry,worse,worst,worth,wouch,wough,would,woven,wrack,wramp,wrang,wrath,wrawl,wreak,wreat,wreck,wrest,wrick,wride,wried,wrier,wring,wrist,write,writh,wrive,wroke,wrote,wroth,wrung,wryly,wudge,wunna,wuzzy,wyson,wyver,xebec,xenia,xenon,Xenos,xenyl,Xeres,xeric,Xerus,Xicak,Xinca,xoana,xurel,xylan,xylem,Xylia,xylic,xylol,xylon,xylyl,xyrid,Xyris,xysti,yabbi,yabby,yacal,yacca,yacht,yahan,yaird,Yajna,Yakan,yakin,yakka,Yakut,yalla,Yamel,yamen,Yameo,yampa,yamph,Yanan,yanky,yaply,yapok,yappy,Yaqui,yarak,yaray,yarke,yarly,yarth,Yasht,Yasna,yauld,yawny,Yazoo,yeara,yeard,yearn,yeast,Yemen,yerba,yerga,yerth,yesso,yesty,yeuky,yeven,Yezdi,yezzy,ygapo,yield,yince,yinst,yirth,yocco,yodel,yogin,yoick,yojan,yokel,yoker,yolky,yomer,Yomud,youff,yourn,yours,youse,youth,youve,youze,yoven,yowie,Yquem,Yuchi,yucky,yulan,Yuman,yummy,Yunca,Yurak,Yurok,yurta,Yuruk,zabra,zabti,zaman,zambo,Zamia,Zande,zante,zanze,zapas,Zapus,Zaque,zayat,zayin,zebra,zebub,zeism,zeist,zemmi,zemni,zerda,Zerma,zesty,Zhmud,ziara,zibet,ziega,ziffs,zihar,Zilla,zimbi,zimme,zimmi,zinco,zippy,zirai,Zirak,Zizia,zloty,Zmudz,zocco,zoeal,zogan,Zohak,zoism,zoist,zokor,zolle,zombi,zonal,zonar,zoned,zonic,Zonta,zooid,zooks,zoons,Zoque,zoril,zorro,Zosma,zowie,zudda,zygal,zygon,zymic,zymin,